{"Image Data Shape": [1797, 64], "_timestamp": 1713418789.807264, "_runtime": 5.1241490840911865, "_step": 1, "Label Data Shape": [1797], "_wandb": {"runtime": 3}}