{"Image Data Shape": [1797, 64], "_timestamp": 1714667598.08976, "_runtime": 3.5590431690216064, "_step": 1, "Label Data Shape": [1797], "_wandb": {"runtime": 2}}