{"Image Data Shape": [1797, 64], "_timestamp": 1713534331.944508, "_runtime": 4.38689112663269, "_step": 1, "Label Data Shape": [1797], "_wandb": {"runtime": 3}}