{"Image Data Shape": [1797, 64], "_timestamp": 1713360832.3767507, "_runtime": 12.091928720474243, "_step": 19, "Label Data Shape": [1797], "prediction table": {"_type": "table-file", "sha256": "975bfd7abb14bf31e0769764890dd8099b13c4f91739f8718bccf46494c38422", "size": 156327, "artifact_path": "wandb-client-artifact://i2oatzc6uyb1s1bsyacmfrcxmonrxc1ssv46wqdqnx95bwv95anpypwc0p7oihqr548t8o7ehhhbt3g4vs4m7abgu5119v9vkwsd3idp4etv6gxfswcvowfpf58qj4h0:latest/prediction table.table.json", "_latest_artifact_path": "wandb-client-artifact://i2oatzc6uyb1s1bsyacmfrcxmonrxc1ssv46wqdqnx95bwv95anpypwc0p7oihqr548t8o7ehhhbt3g4vs4m7abgu5119v9vkwsd3idp4etv6gxfswcvowfpf58qj4h0:latest/prediction table.table.json", "path": "media/table/prediction table_18_975bfd7abb14bf31e076.table.json", "ncols": 3, "nrows": 450}, "Mean Accuracy": 0.9533333333333334, "Balanced Accuracy": 0.9544464636873293, "Precision": [1.0, 0.8695652173913043, 0.9772727272727273, 0.9555555555555556, 0.9736842105263158, 0.9591836734693877, 0.9807692307692307, 0.9787234042553191, 0.8775510204081632, 0.9767441860465116], "Recall": [1.0, 0.9302325581395349, 0.9772727272727273, 0.9555555555555556, 0.9736842105263158, 0.9791666666666666, 0.9807692307692307, 0.9583333333333334, 0.8958333333333334, 0.8936170212765957], "_wandb": {"runtime": 10}}