{"Image Data Shape": [1797, 64], "_timestamp": 1715054920.4462557, "_runtime": 4.441005706787109, "_step": 1, "Label Data Shape": [1797], "_wandb": {"runtime": 3}}