{"Image Data Shape": [1797, 64], "_timestamp": 1713533111.41498, "_runtime": 4.181565046310425, "_step": 1, "Label Data Shape": [1797], "_wandb": {"runtime": 3}}