{"Image Data Shape": [1797, 64], "_timestamp": 1713533739.7540476, "_runtime": 3.8100955486297607, "_step": 1, "Label Data Shape": [1797], "_wandb": {"runtime": 4}}