{"Image Data Shape": [1797, 64], "_timestamp": 1716143122.0550964, "_runtime": 1.407271385192871, "_step": 1, "Label Data Shape": [1797], "_wandb": {"runtime": 0}}