{"Image Data Shape": [1797, 64], "_timestamp": 1716177609.314346, "_runtime": 3.255613088607788, "_step": 2, "Label Data Shape": [1797], "Sanity checks plot": {"_type": "image-file", "sha256": "26b11066db0129e82e4586125f81517e147061cc3bf5cbdbb18136ac63aad6e7", "size": 15832, "path": "media/images/Sanity checks plot_2_26b11066db0129e82e45.png", "format": "png", "width": 2000, "height": 400}, "_wandb": {"runtime": 3}}