{"Image Data Shape": [1797, 64], "_timestamp": 1716020354.5834105, "_runtime": 2.8692924976348877, "_step": 2, "Label Data Shape": [1797], "Sanity checks plot": {"_type": "image-file", "sha256": "4b9205c0ffa75ea65b635b3d91c1bc5f1a2aa0fbba802691cfbc21ef9ae53276", "size": 15840, "path": "media/images/Sanity checks plot_2_4b9205c0ffa75ea65b63.png", "format": "png", "width": 2000, "height": 400}, "_wandb": {"runtime": 1}}