{"Image Data Shape": [1797, 64], "_timestamp": 1713274818.870856, "_runtime": 1443.9989790916443, "_step": 4, "Label Data Shape": [1797], "Mean Accuracy": 0.96, "Balanced Accuracy": 0.9608294424107336, "Precision": [1.0, 0.9090909090909091, 0.9555555555555556, 0.9555555555555556, 0.9736842105263158, 0.9787234042553191, 0.9807692307692307, 0.9787234042553191, 0.9565217391304348, 0.9183673469387755], "Recall": [1.0, 0.9302325581395349, 0.9772727272727273, 0.9555555555555556, 0.9736842105263158, 0.9583333333333334, 0.9807692307692307, 0.9583333333333334, 0.9166666666666666, 0.9574468085106383], "_wandb": {"runtime": 1442}}